{
  "player_id": "jokic",
  "predicted_points": 29.92736238326809,
  "as_of": "2025-09-15T23:05:47Z",
  "explanation": {
    "AST_L5": 1.6723537083294833,
    "PTS_EWMA3": 1.0316326053035332,
    "MIN_L5": 0.8166336933306185,
    "PTS_MED5": 0.7967050695617934,
    "PTS_L5": 0.741893667842787
  }
}