{
  "player_id": "doncic",
  "player_name": "Luka Doncic",
  "model": "RandomForest",
  "season": "2024-25",
  "metrics": {
    "MAE": 6.930670905253979,
    "RMSE": 8.419940997218418,
    "MedAE": 5.517011660561657,
    "R2": -0.03552665019060375,
    "MAE_L5": 7.195918367346939,
    "MAE_STD": 7.247659906523555,
    "Skill_L5": 3.6860821447972314,
    "Skill_STD": 4.373673783785814
  }
}