{
  "player_id": "jokic",
  "player_name": "Nikola Jokic",
  "model": "ElasticNet",
  "season": "2024-25",
  "metrics": {
    "MAE": 7.231743402504928,
    "RMSE": 9.790998329341281,
    "MedAE": 5.2998687576466885,
    "R2": -0.12078687069806149,
    "MAE_L5": 7.915942028985507,
    "MAE_STD": 7.5495832911157095,
    "Skill_L5": 8.643300114822395,
    "Skill_STD": 4.210032214424508
  }
}