{
  "player_id": "embiid",
  "player_name": "Joel Embiid",
  "model": "ElasticNet",
  "season": "2024-25",
  "metrics": {
    "MAE": 7.846576477336078,
    "RMSE": 9.519618448937385,
    "MedAE": 8.065933118222356,
    "R2": -0.23551003046181673,
    "MAE_L5": 7.988888888888888,
    "MAE_STD": 8.447896194219725,
    "Skill_L5": 1.781379282302209,
    "Skill_STD": 7.117981839017928
  }
}