{
  "player_id": "sga",
  "player_name": "Shai Gilgeous-Alexander",
  "model": "ElasticNet",
  "season": "2024-25",
  "metrics": {
    "MAE": 5.769943660863015,
    "RMSE": 7.694596159582657,
    "MedAE": 4.748677844164106,
    "R2": -0.047244167182060925,
    "MAE_L5": 6.165333333333333,
    "MAE_STD": 5.782743190417582,
    "Skill_L5": 6.413111037040197,
    "Skill_STD": 0.22134009989890346
  }
}