{
  "player_id": "tatum",
  "player_name": "Jayson Tatum",
  "model": "ElasticNet",
  "season": "2024-25",
  "metrics": {
    "MAE": 6.45979009369809,
    "RMSE": 7.7626119857001346,
    "MedAE": 5.8986845469525555,
    "R2": -0.049849339323347674,
    "MAE_L5": 6.532394366197183,
    "MAE_STD": 6.549194140579346,
    "Skill_L5": 1.1114496221292791,
    "Skill_STD": 1.3651152334498873
  }
}